"","SNP","chr","pos","beta.outcome","se.outcome","samplesize.outcome","pval.outcome","eaf.outcome","effect_allele.outcome","other_allele.outcome","outcome","id.outcome","originalname.outcome","outcome.deprecated","mr_keep.outcome","data_source.outcome","proxy.outcome","target_snp.outcome","proxy_snp.outcome","target_a1.outcome","target_a2.outcome","proxy_a1.outcome","proxy_a2.outcome"
"1","rs11802413","1","25760920",-0.00774,0.0092703,184305,0.40376,0.509025,"T","C","Coronary heart disease || id:ieu-a-7","ieu-a-7","Coronary heart disease","Coronary heart disease ||  || ",TRUE,"igd",NA,NA,NA,NA,NA,NA,NA
"2","rs12748152","1","27138393",0.013671,0.0185515,184305,0.461169,0.069848,"T","C","Coronary heart disease || id:ieu-a-7","ieu-a-7","Coronary heart disease","Coronary heart disease ||  || ",TRUE,"igd",NA,NA,NA,NA,NA,NA,NA
"3","rs11591147","1","55505647",-0.256502,0.0572588,184305,7.46999e-06,0.014412,"T","G","Coronary heart disease || id:ieu-a-7","ieu-a-7","Coronary heart disease","Coronary heart disease ||  || ",TRUE,"igd",NA,NA,NA,NA,NA,NA,NA
"4","rs17381664","1","78048331",0.016188,0.0102099,184305,0.112849,0.349349,"C","T","Coronary heart disease || id:ieu-a-7","ieu-a-7","Coronary heart disease","Coronary heart disease ||  || ",TRUE,"igd",NA,NA,NA,NA,NA,NA,NA
"5","rs11165643","1","96924097",0.00515,0.0092844,184305,0.579105,0.553284,"T","C","Coronary heart disease || id:ieu-a-7","ieu-a-7","Coronary heart disease","Coronary heart disease ||  || ",TRUE,"igd",NA,NA,NA,NA,NA,NA,NA
"6","rs12740374","1","109817590",-0.113549,0.011482,184305,4.6302e-23,0.213262,"T","G","Coronary heart disease || id:ieu-a-7","ieu-a-7","Coronary heart disease","Coronary heart disease ||  || ",TRUE,"igd",NA,NA,NA,NA,NA,NA,NA
"7","rs1032524","1","201790826",0.020795,0.0092258,184305,0.0241952,0.51271,"C","T","Coronary heart disease || id:ieu-a-7","ieu-a-7","Coronary heart disease","Coronary heart disease ||  || ",TRUE,"igd",NA,NA,NA,NA,NA,NA,NA
"8","rs2587534","1","234849339",0.022486,0.0094093,184305,0.0168597,0.556803,"A","G","Coronary heart disease || id:ieu-a-7","ieu-a-7","Coronary heart disease","Coronary heart disease ||  || ",TRUE,"igd",NA,NA,NA,NA,NA,NA,NA
"9","rs17094222","10","102395440",0.003571,0.0116601,184305,0.759408,0.204454,"C","T","Coronary heart disease || id:ieu-a-7","ieu-a-7","Coronary heart disease","Coronary heart disease ||  || ",TRUE,"igd",NA,NA,NA,NA,NA,NA,NA
"10","rs1129555","10","113910721",-0.010246,0.0103696,184305,0.323113,0.705637,"G","A","Coronary heart disease || id:ieu-a-7","ieu-a-7","Coronary heart disease","Coronary heart disease ||  || ",TRUE,"igd",NA,NA,NA,NA,NA,NA,NA
"11","rs10840100","11","8669437",0.014599,0.0095234,184305,0.125286,0.607618,"G","A","Coronary heart disease || id:ieu-a-7","ieu-a-7","Coronary heart disease","Coronary heart disease ||  || ",TRUE,"igd",NA,NA,NA,NA,NA,NA,NA
"12","rs10832962","11","18656271",0.018131,0.010148,184305,0.0739929,0.680017,"T","C","Coronary heart disease || id:ieu-a-7","ieu-a-7","Coronary heart disease","Coronary heart disease ||  || ",TRUE,"igd",NA,NA,NA,NA,NA,NA,NA
"13","rs2030323","11","27728539",0.027424,0.0108519,184305,0.0115006,0.759021,"C","A","Coronary heart disease || id:ieu-a-7","ieu-a-7","Coronary heart disease","Coronary heart disease ||  || ",TRUE,"igd",NA,NA,NA,NA,NA,NA,NA
"14","rs2176598","11","43864278",-0.026064,0.0111278,184305,0.0191686,0.734895,"C","T","Coronary heart disease || id:ieu-a-7","ieu-a-7","Coronary heart disease","Coronary heart disease ||  || ",TRUE,"igd",NA,NA,NA,NA,NA,NA,NA
"15","rs1535","11","61597972",-0.023398,0.0100948,184305,0.0204583,0.315047,"G","A","Coronary heart disease || id:ieu-a-7","ieu-a-7","Coronary heart disease","Coronary heart disease ||  || ",TRUE,"igd",NA,NA,NA,NA,NA,NA,NA
"16","rs11220462","11","126243952",0.036103,0.0128192,184305,0.00485758,0.149578,"A","G","Coronary heart disease || id:ieu-a-7","ieu-a-7","Coronary heart disease","Coronary heart disease ||  || ",TRUE,"igd",NA,NA,NA,NA,NA,NA,NA
"17","rs11065987","12","112072424",0.059927,0.0107531,184305,2.5e-08,0.349925,"G","A","Coronary heart disease || id:ieu-a-7","ieu-a-7","Coronary heart disease","Coronary heart disease ||  || ",TRUE,"igd",NA,NA,NA,NA,NA,NA,NA
"18","rs1169288","12","121416650",0.046913,0.0098656,184305,1.98002e-06,0.347048,"C","A","Coronary heart disease || id:ieu-a-7","ieu-a-7","Coronary heart disease","Coronary heart disease ||  || ",TRUE,"igd",NA,NA,NA,NA,NA,NA,NA
"19","rs11057405","12","122781897",0.013737,0.0191598,184305,0.473392,0.08181,"A","G","Coronary heart disease || id:ieu-a-7","ieu-a-7","Coronary heart disease","Coronary heart disease ||  || ",TRUE,"igd",NA,NA,NA,NA,NA,NA,NA
"20","rs12429545","13","54102206",0.010619,0.0129343,184305,0.411649,0.144688,"A","G","Coronary heart disease || id:ieu-a-7","ieu-a-7","Coronary heart disease","Coronary heart disease ||  || ",TRUE,"igd",NA,NA,NA,NA,NA,NA,NA
"21","rs1441264","13","79580919",0.005096,0.0096603,184305,0.597832,0.614899,"A","G","Coronary heart disease || id:ieu-a-7","ieu-a-7","Coronary heart disease","Coronary heart disease ||  || ",TRUE,"igd",NA,NA,NA,NA,NA,NA,NA
"22","rs10132280","14","25928179",-0.012169,0.010664,184305,0.253816,0.282164,"A","C","Coronary heart disease || id:ieu-a-7","ieu-a-7","Coronary heart disease","Coronary heart disease ||  || ",TRUE,"igd",NA,NA,NA,NA,NA,NA,NA
"23","rs13329567","15","68104367",-0.014147,0.0106879,184305,0.18562,0.256185,"T","C","Coronary heart disease || id:ieu-a-7","ieu-a-7","Coronary heart disease","Coronary heart disease ||  || ",TRUE,"igd",NA,NA,NA,NA,NA,NA,NA
"24","rs12448257","16","3599655",0.009661,0.0113483,184305,0.394595,0.224463,"A","G","Coronary heart disease || id:ieu-a-7","ieu-a-7","Coronary heart disease","Coronary heart disease ||  || ",TRUE,"igd",NA,NA,NA,NA,NA,NA,NA
"25","rs2000999","16","72108093",0.037086,0.0109605,184305,0.000715402,0.22592,"A","G","Coronary heart disease || id:ieu-a-7","ieu-a-7","Coronary heart disease","Coronary heart disease ||  || ",TRUE,"igd",NA,NA,NA,NA,NA,NA,NA
"26","rs1801689","17","64210580",0.042712,0.0362035,184305,0.238089,0.030597,"C","A","Coronary heart disease || id:ieu-a-7","ieu-a-7","Coronary heart disease","Coronary heart disease ||  || ",TRUE,"igd",NA,NA,NA,NA,NA,NA,NA
"27","rs12939549","17","78611724",-0.015495,0.009455,184305,0.10125,0.407574,"G","A","Coronary heart disease || id:ieu-a-7","ieu-a-7","Coronary heart disease","Coronary heart disease ||  || ",TRUE,"igd",NA,NA,NA,NA,NA,NA,NA
"28","rs17066856","18","58049656",-0.037871,0.0154925,184305,0.0145064,0.105474,"C","T","Coronary heart disease || id:ieu-a-7","ieu-a-7","Coronary heart disease","Coronary heart disease ||  || ",TRUE,"igd",NA,NA,NA,NA,NA,NA,NA
"29","rs2228603","19","19329924",-0.028623,0.0192249,184305,0.136528,0.07104,"T","C","Coronary heart disease || id:ieu-a-7","ieu-a-7","Coronary heart disease","Coronary heart disease ||  || ",TRUE,"igd",NA,NA,NA,NA,NA,NA,NA
"30","rs14810","19","34304903",0.00234,0.0099699,184305,0.814436,0.640144,"G","C","Coronary heart disease || id:ieu-a-7","ieu-a-7","Coronary heart disease","Coronary heart disease ||  || ",TRUE,"igd",NA,NA,NA,NA,NA,NA,NA
"31","rs13021737","2","632348",0.037025,0.0124444,184305,0.00292772,0.803169,"G","A","Coronary heart disease || id:ieu-a-7","ieu-a-7","Coronary heart disease","Coronary heart disease ||  || ",TRUE,"igd",NA,NA,NA,NA,NA,NA,NA
"32","rs1367117","2","21263900",0.041139,0.0106347,184305,0.0001096,0.281196,"A","G","Coronary heart disease || id:ieu-a-7","ieu-a-7","Coronary heart disease","Coronary heart disease ||  || ",TRUE,"igd",NA,NA,NA,NA,NA,NA,NA
"33","rs10182181","2","25150296",0.018295,0.009279,184305,0.0486486,0.473525,"G","A","Coronary heart disease || id:ieu-a-7","ieu-a-7","Coronary heart disease","Coronary heart disease ||  || ",TRUE,"igd",NA,NA,NA,NA,NA,NA,NA
"34","rs12986742","2","58975143",0.00822,0.0093952,184305,0.381621,0.464803,"C","T","Coronary heart disease || id:ieu-a-7","ieu-a-7","Coronary heart disease","Coronary heart disease ||  || ",TRUE,"igd",NA,NA,NA,NA,NA,NA,NA
"35","rs1016287","2","59305625",-0.014087,0.0105738,184305,0.182778,0.699031,"C","T","Coronary heart disease || id:ieu-a-7","ieu-a-7","Coronary heart disease","Coronary heart disease ||  || ",TRUE,"igd",NA,NA,NA,NA,NA,NA,NA
"36","rs17508045","2","118576719",-0.020162,0.018218,184305,0.268419,0.081976,"C","T","Coronary heart disease || id:ieu-a-7","ieu-a-7","Coronary heart disease","Coronary heart disease ||  || ",TRUE,"igd",NA,NA,NA,NA,NA,NA,NA
"37","rs16831243","2","135762344",-0.016794,0.0123564,184305,0.174105,0.194745,"T","C","Coronary heart disease || id:ieu-a-7","ieu-a-7","Coronary heart disease","Coronary heart disease ||  || ",TRUE,"igd",NA,NA,NA,NA,NA,NA,NA
"38","rs10195252","2","165513091",-0.023434,0.010047,184305,0.0196775,0.379379,"C","T","Coronary heart disease || id:ieu-a-7","ieu-a-7","Coronary heart disease","Coronary heart disease ||  || ",TRUE,"igd",NA,NA,NA,NA,NA,NA,NA
"39","rs1528435","2","181550962",0.018036,0.0097863,184305,0.0653311,0.62036,"T","C","Coronary heart disease || id:ieu-a-7","ieu-a-7","Coronary heart disease","Coronary heart disease ||  || ",TRUE,"igd",NA,NA,NA,NA,NA,NA,NA
"40","rs17203016","2","208255518",0.020352,0.0122315,184305,0.0961324,0.186737,"G","A","Coronary heart disease || id:ieu-a-7","ieu-a-7","Coronary heart disease","Coronary heart disease ||  || ",TRUE,"igd",NA,NA,NA,NA,NA,NA,NA
"41","rs1250229","2","216304384",-0.033837,0.0108975,184305,0.0019027,0.707148,"C","T","Coronary heart disease || id:ieu-a-7","ieu-a-7","Coronary heart disease","Coronary heart disease ||  || ",TRUE,"igd",NA,NA,NA,NA,NA,NA,NA
"42","rs2328223","20","17845921",0.012531,0.0115069,184305,0.276156,0.20748,"C","A","Coronary heart disease || id:ieu-a-7","ieu-a-7","Coronary heart disease","Coronary heart disease ||  || ",TRUE,"igd",NA,NA,NA,NA,NA,NA,NA
"43","rs1800961","20","43042364",-0.028051,0.028278,184305,0.321211,0.029596,"T","C","Coronary heart disease || id:ieu-a-7","ieu-a-7","Coronary heart disease","Coronary heart disease ||  || ",TRUE,"igd",NA,NA,NA,NA,NA,NA,NA
"44","rs2365389","3","61236462",-0.014975,0.0096038,184305,0.11893,0.449327,"T","C","Coronary heart disease || id:ieu-a-7","ieu-a-7","Coronary heart disease","Coronary heart disease ||  || ",TRUE,"igd",NA,NA,NA,NA,NA,NA,NA
"45","rs13078960","3","85807590",-0.020015,0.012616,184305,0.112632,0.181437,"G","T","Coronary heart disease || id:ieu-a-7","ieu-a-7","Coronary heart disease","Coronary heart disease ||  || ",TRUE,"igd",NA,NA,NA,NA,NA,NA,NA
"46","rs16851483","3","141275436",0.014404,0.0164441,184305,0.381063,0.08304,"T","G","Coronary heart disease || id:ieu-a-7","ieu-a-7","Coronary heart disease","Coronary heart disease ||  || ",TRUE,"igd",NA,NA,NA,NA,NA,NA,NA
"47","rs1516725","3","185824004",0.008179,0.0137697,184305,0.552521,0.837072,"C","T","Coronary heart disease || id:ieu-a-7","ieu-a-7","Coronary heart disease","Coronary heart disease ||  || ",TRUE,"igd",NA,NA,NA,NA,NA,NA,NA
"48","rs10938397","4","45182527",0.030606,0.0093485,184305,0.00106079,0.416076,"G","A","Coronary heart disease || id:ieu-a-7","ieu-a-7","Coronary heart disease","Coronary heart disease ||  || ",TRUE,"igd",NA,NA,NA,NA,NA,NA,NA
"49","rs13107325","4","103188709",-0.00667,0.0223469,184305,0.765341,0.061282,"T","C","Coronary heart disease || id:ieu-a-7","ieu-a-7","Coronary heart disease","Coronary heart disease ||  || ",TRUE,"igd",NA,NA,NA,NA,NA,NA,NA
"50","rs11727676","4","145659064",0.036454,0.020208,184305,0.071241,0.075365,"C","T","Coronary heart disease || id:ieu-a-7","ieu-a-7","Coronary heart disease","Coronary heart disease ||  || ",TRUE,"igd",NA,NA,NA,NA,NA,NA,NA
"51","rs2294261","6","16109163",0.002325,0.0096461,184305,0.809533,0.541565,"C","A","Coronary heart disease || id:ieu-a-7","ieu-a-7","Coronary heart disease","Coronary heart disease ||  || ",TRUE,"igd",NA,NA,NA,NA,NA,NA,NA
"52","rs205262","6","34563164",0.034077,0.0107889,184305,0.0015857,0.268823,"G","A","Coronary heart disease || id:ieu-a-7","ieu-a-7","Coronary heart disease","Coronary heart disease ||  || ",TRUE,"igd",NA,NA,NA,NA,NA,NA,NA
"53","rs13201877","6","137675541",0.029827,0.014328,184305,0.0373672,0.124409,"G","A","Coronary heart disease || id:ieu-a-7","ieu-a-7","Coronary heart disease","Coronary heart disease ||  || ",TRUE,"igd",NA,NA,NA,NA,NA,NA,NA
"54","rs1564348","6","160578860",0.029577,0.0129408,184305,0.0222802,0.159563,"C","T","Coronary heart disease || id:ieu-a-7","ieu-a-7","Coronary heart disease","Coronary heart disease ||  || ",TRUE,"igd",NA,NA,NA,NA,NA,NA,NA
"55","rs12670798","7","21607352",0.014283,0.0107455,184305,0.183778,0.247901,"C","T","Coronary heart disease || id:ieu-a-7","ieu-a-7","Coronary heart disease","Coronary heart disease ||  || ",TRUE,"igd",NA,NA,NA,NA,NA,NA,NA
"56","rs2073547","7","44582331",0.020652,0.0119762,184305,0.0846331,0.217361,"G","A","Coronary heart disease || id:ieu-a-7","ieu-a-7","Coronary heart disease","Coronary heart disease ||  || ",TRUE,"igd",NA,NA,NA,NA,NA,NA,NA
"57","rs1167827","7","75163169",0.011586,0.0098352,184305,0.238789,0.556453,"G","A","Coronary heart disease || id:ieu-a-7","ieu-a-7","Coronary heart disease","Coronary heart disease ||  || ",TRUE,"igd",NA,NA,NA,NA,NA,NA,NA
"58","rs1030431","8","59311697",-0.001487,0.0101176,184305,0.883154,0.657949,"G","A","Coronary heart disease || id:ieu-a-7","ieu-a-7","Coronary heart disease","Coronary heart disease ||  || ",TRUE,"igd",NA,NA,NA,NA,NA,NA,NA
"59","rs2588785","8","76636191",-0.008908,0.0100731,184305,0.376513,0.283157,"A","G","Coronary heart disease || id:ieu-a-7","ieu-a-7","Coronary heart disease","Coronary heart disease ||  || ",TRUE,"igd",NA,NA,NA,NA,NA,NA,NA
"60","rs10968576","9","28414339",0.023895,0.0102447,184305,0.0196784,0.291587,"G","A","Coronary heart disease || id:ieu-a-7","ieu-a-7","Coronary heart disease","Coronary heart disease ||  || ",TRUE,"igd",NA,NA,NA,NA,NA,NA,NA
"61","rs1883025","9","107664301",-0.025887,0.0104565,184305,0.0132981,0.260347,"T","C","Coronary heart disease || id:ieu-a-7","ieu-a-7","Coronary heart disease","Coronary heart disease ||  || ",TRUE,"igd",NA,NA,NA,NA,NA,NA,NA
"62","rs1928295","9","120378483",-0.006674,0.0092095,184305,0.468643,0.436964,"C","T","Coronary heart disease || id:ieu-a-7","ieu-a-7","Coronary heart disease","Coronary heart disease ||  || ",TRUE,"igd",NA,NA,NA,NA,NA,NA,NA
"63","rs10733682","9","129460914",-0.004541,0.0095245,184305,0.633525,0.491116,"G","A","Coronary heart disease || id:ieu-a-7","ieu-a-7","Coronary heart disease","Coronary heart disease ||  || ",TRUE,"igd",NA,NA,NA,NA,NA,NA,NA
"64","rs977747","1","47684677",-0.013896,0.0096146,184305,0.148375,0.550761,"G","T","Coronary heart disease || id:ieu-a-7","ieu-a-7","Coronary heart disease","Coronary heart disease ||  || ",TRUE,"igd",NA,NA,NA,NA,NA,NA,NA
"65","rs657452","1","49589847",-0.00767,0.0093844,184305,0.413747,0.566124,"G","A","Coronary heart disease || id:ieu-a-7","ieu-a-7","Coronary heart disease","Coronary heart disease ||  || ",TRUE,"igd",NA,NA,NA,NA,NA,NA,NA
"66","rs7551981","1","55719166",0.017043,0.0095929,184305,0.075631,0.607785,"T","G","Coronary heart disease || id:ieu-a-7","ieu-a-7","Coronary heart disease","Coronary heart disease ||  || ",TRUE,"igd",NA,NA,NA,NA,NA,NA,NA
"67","rs7531118","1","72837239",0.017675,0.0097331,184305,0.0693745,0.480633,"C","T","Coronary heart disease || id:ieu-a-7","ieu-a-7","Coronary heart disease","Coronary heart disease ||  || ",TRUE,"igd",NA,NA,NA,NA,NA,NA,NA
"68","rs267733","1","150958836",0.019823,0.0142585,184305,0.16445,0.129057,"G","A","Coronary heart disease || id:ieu-a-7","ieu-a-7","Coronary heart disease","Coronary heart disease ||  || ",TRUE,"igd",NA,NA,NA,NA,NA,NA,NA
"69","rs543874","1","177889480",0.0076,0.0117296,184305,0.517029,0.189189,"G","A","Coronary heart disease || id:ieu-a-7","ieu-a-7","Coronary heart disease","Coronary heart disease ||  || ",TRUE,"igd",NA,NA,NA,NA,NA,NA,NA
"70","rs2642438","1","220970028",0.007604,0.0107411,184305,0.478986,0.705118,"G","A","Coronary heart disease || id:ieu-a-7","ieu-a-7","Coronary heart disease","Coronary heart disease ||  || ",TRUE,"igd",NA,NA,NA,NA,NA,NA,NA
"71","rs7899106","10","87410904",-0.006811,0.0233702,184305,0.770715,0.046115,"G","A","Coronary heart disease || id:ieu-a-7","ieu-a-7","Coronary heart disease","Coronary heart disease ||  || ",TRUE,"igd",NA,NA,NA,NA,NA,NA,NA
"72","rs7124681","11","47529947",-0.000684,0.0096146,184305,0.943285,0.388567,"A","C","Coronary heart disease || id:ieu-a-7","ieu-a-7","Coronary heart disease","Coronary heart disease ||  || ",TRUE,"igd",NA,NA,NA,NA,NA,NA,NA
"73","rs7138803","12","50247468",0.008175,0.0094745,184305,0.388225,0.371503,"A","G","Coronary heart disease || id:ieu-a-7","ieu-a-7","Coronary heart disease","Coronary heart disease ||  || ",TRUE,"igd",NA,NA,NA,NA,NA,NA,NA
"74","rs9534262","13","32936646",-0.021369,0.0091128,184305,0.0190296,0.517855,"C","T","Coronary heart disease || id:ieu-a-7","ieu-a-7","Coronary heart disease","Coronary heart disease ||  || ",TRUE,"igd",NA,NA,NA,NA,NA,NA,NA
"75","rs9540493","13","66205704",-0.005837,0.0095006,184305,0.538962,0.525215,"G","A","Coronary heart disease || id:ieu-a-7","ieu-a-7","Coronary heart disease","Coronary heart disease ||  || ",TRUE,"igd",NA,NA,NA,NA,NA,NA,NA
"76","rs8017377","14","24883887",0.007526,0.0101763,184305,0.459564,0.417048,"A","G","Coronary heart disease || id:ieu-a-7","ieu-a-7","Coronary heart disease","Coronary heart disease ||  || ",TRUE,"igd",NA,NA,NA,NA,NA,NA,NA
"77","rs7144011","14","79940383",0.021424,0.0120707,184305,0.0759189,0.202625,"T","G","Coronary heart disease || id:ieu-a-7","ieu-a-7","Coronary heart disease","Coronary heart disease ||  || ",TRUE,"igd",NA,NA,NA,NA,NA,NA,NA
"78","rs3736485","15","51748610",0.001591,0.0095777,184305,0.868067,0.50246,"G","A","Coronary heart disease || id:ieu-a-7","ieu-a-7","Coronary heart disease","Coronary heart disease ||  || ",TRUE,"igd",NA,NA,NA,NA,NA,NA,NA
"79","rs879620","16","4015729",-0.00294,0.009732,184305,0.762578,0.545251,"T","C","Coronary heart disease || id:ieu-a-7","ieu-a-7","Coronary heart disease","Coronary heart disease ||  || ",TRUE,"igd",NA,NA,NA,NA,NA,NA,NA
"80","rs9926784","16","19941968",0.003405,0.011294,184305,0.763043,0.21675,"C","T","Coronary heart disease || id:ieu-a-7","ieu-a-7","Coronary heart disease","Coronary heart disease ||  || ",TRUE,"igd",NA,NA,NA,NA,NA,NA,NA
"81","rs3888190","16","28889486",0.019161,0.0101002,184305,0.0578163,0.348981,"A","C","Coronary heart disease || id:ieu-a-7","ieu-a-7","Coronary heart disease","Coronary heart disease ||  || ",TRUE,"igd",NA,NA,NA,NA,NA,NA,NA
"82","rs4889606","16","31011183",-0.006668,0.0102697,184305,0.516151,0.377963,"G","A","Coronary heart disease || id:ieu-a-7","ieu-a-7","Coronary heart disease","Coronary heart disease ||  || ",TRUE,"igd",NA,NA,NA,NA,NA,NA,NA
"83","rs9914578","17","2005136",0.039991,0.0107563,184305,0.0002009,0.233647,"G","C","Coronary heart disease || id:ieu-a-7","ieu-a-7","Coronary heart disease","Coronary heart disease ||  || ",TRUE,"igd",NA,NA,NA,NA,NA,NA,NA
"84","rs314253","17","7091650",-0.012462,0.0099047,184305,0.208322,0.350539,"C","T","Coronary heart disease || id:ieu-a-7","ieu-a-7","Coronary heart disease","Coronary heart disease ||  || ",TRUE,"igd",NA,NA,NA,NA,NA,NA,NA
"85","rs7225700","17","45391804",0.021605,0.0095875,184305,0.0242304,0.642816,"C","T","Coronary heart disease || id:ieu-a-7","ieu-a-7","Coronary heart disease","Coronary heart disease ||  || ",TRUE,"igd",NA,NA,NA,NA,NA,NA,NA
"86","rs2886232","17","67150176",-0.010537,0.0179877,184305,0.558016,0.892613,"C","T","Coronary heart disease || id:ieu-a-7","ieu-a-7","Coronary heart disease","Coronary heart disease ||  || ",TRUE,"igd",NA,NA,NA,NA,NA,NA,NA
"87","rs891389","18","21087531",0.025213,0.0101654,184305,0.013128,0.311762,"T","C","Coronary heart disease || id:ieu-a-7","ieu-a-7","Coronary heart disease","Coronary heart disease ||  || ",TRUE,"igd",NA,NA,NA,NA,NA,NA,NA
"88","rs663129","18","57838401",0.058163,0.0105173,184305,3.2e-08,0.256835,"A","G","Coronary heart disease || id:ieu-a-7","ieu-a-7","Coronary heart disease","Coronary heart disease ||  || ",TRUE,"igd",NA,NA,NA,NA,NA,NA,NA
"89","rs6511720","19","11202306",-0.125298,0.0169449,184305,1.42004e-13,0.098398,"T","G","Coronary heart disease || id:ieu-a-7","ieu-a-7","Coronary heart disease","Coronary heart disease ||  || ",TRUE,"igd",NA,NA,NA,NA,NA,NA,NA
"90","rs8103315","19","45254168",0.014533,0.0174326,184305,0.404468,0.106387,"A","C","Coronary heart disease || id:ieu-a-7","ieu-a-7","Coronary heart disease","Coronary heart disease ||  || ",TRUE,"igd",NA,NA,NA,NA,NA,NA,NA
"91","rs7412","19","45412079",-0.137045,0.0210923,184305,8.16959e-11,0.073977,"T","C","Coronary heart disease || id:ieu-a-7","ieu-a-7","Coronary heart disease","Coronary heart disease ||  || ",TRUE,"igd",NA,NA,NA,NA,NA,NA,NA
"92","rs72902576","2","21275480",-0.067266,0.0294664,184305,0.0224419,0.031015,"G","T","Coronary heart disease || id:ieu-a-7","ieu-a-7","Coronary heart disease","Coronary heart disease ||  || ",TRUE,"igd",NA,NA,NA,NA,NA,NA,NA
"93","rs6544713","2","44073881",-0.051473,0.0104728,184305,8.87994e-07,0.683325,"C","T","Coronary heart disease || id:ieu-a-7","ieu-a-7","Coronary heart disease","Coronary heart disease ||  || ",TRUE,"igd",NA,NA,NA,NA,NA,NA,NA
"94","rs6709904","2","44080324",-0.025174,0.0146256,184305,0.0852099,0.114555,"G","A","Coronary heart disease || id:ieu-a-7","ieu-a-7","Coronary heart disease","Coronary heart disease ||  || ",TRUE,"igd",NA,NA,NA,NA,NA,NA,NA
"95","rs2710642","2","63149557",0.029966,0.0099688,184305,0.00264722,0.651729,"A","G","Coronary heart disease || id:ieu-a-7","ieu-a-7","Coronary heart disease","Coronary heart disease ||  || ",TRUE,"igd",NA,NA,NA,NA,NA,NA,NA
"96","rs7599312","2","213413231",-0.026653,0.011193,184305,0.0172556,0.247385,"A","G","Coronary heart disease || id:ieu-a-7","ieu-a-7","Coronary heart disease","Coronary heart disease ||  || ",TRUE,"igd",NA,NA,NA,NA,NA,NA,NA
"97","rs6713510","2","227034499",-0.037794,0.0095125,184305,7.10003e-05,0.485903,"A","G","Coronary heart disease || id:ieu-a-7","ieu-a-7","Coronary heart disease","Coronary heart disease ||  || ",TRUE,"igd",NA,NA,NA,NA,NA,NA,NA
"98","rs364585","20","12962718",0.006809,0.0095777,184305,0.477133,0.626153,"G","A","Coronary heart disease || id:ieu-a-7","ieu-a-7","Coronary heart disease","Coronary heart disease ||  || ",TRUE,"igd",NA,NA,NA,NA,NA,NA,NA
"99","rs6016373","20","39154095",-0.020287,0.0094995,184305,0.032713,0.384906,"G","A","Coronary heart disease || id:ieu-a-7","ieu-a-7","Coronary heart disease","Coronary heart disease ||  || ",TRUE,"igd",NA,NA,NA,NA,NA,NA,NA
"100","rs6065311","20","39724338",0.021025,0.0094202,184305,0.0256212,0.490105,"C","T","Coronary heart disease || id:ieu-a-7","ieu-a-7","Coronary heart disease","Coronary heart disease ||  || ",TRUE,"igd",NA,NA,NA,NA,NA,NA,NA
"101","rs6091540","20","51087862",-0.002356,0.0101524,184305,0.816488,0.277147,"T","C","Coronary heart disease || id:ieu-a-7","ieu-a-7","Coronary heart disease","Coronary heart disease ||  || ",TRUE,"igd",NA,NA,NA,NA,NA,NA,NA
"102","rs2836754","21","40291740",-0.007723,0.0095191,184305,0.417181,0.544754,"C","T","Coronary heart disease || id:ieu-a-7","ieu-a-7","Coronary heart disease","Coronary heart disease ||  || ",TRUE,"igd",NA,NA,NA,NA,NA,NA,NA
"103","rs5763662","22","30378703",0.032382,0.0189393,184305,0.0873072,0.053557,"T","C","Coronary heart disease || id:ieu-a-7","ieu-a-7","Coronary heart disease","Coronary heart disease ||  || ",TRUE,"igd",NA,NA,NA,NA,NA,NA,NA
"104","rs4253776","22","46629479",0.033062,0.0154295,184305,0.0321307,0.115865,"G","A","Coronary heart disease || id:ieu-a-7","ieu-a-7","Coronary heart disease","Coronary heart disease ||  || ",TRUE,"igd",NA,NA,NA,NA,NA,NA,NA
"105","rs9875338","3","12296469",-0.005828,0.0098591,184305,0.554433,0.356963,"A","G","Coronary heart disease || id:ieu-a-7","ieu-a-7","Coronary heart disease","Coronary heart disease ||  || ",TRUE,"igd",NA,NA,NA,NA,NA,NA,NA
"106","rs6804842","3","25106437",0.00994,0.0092649,184305,0.283329,0.55015,"G","A","Coronary heart disease || id:ieu-a-7","ieu-a-7","Coronary heart disease","Coronary heart disease ||  || ",TRUE,"igd",NA,NA,NA,NA,NA,NA,NA
"107","rs3849570","3","81792112",0.028293,0.0096396,184305,0.00333472,0.356589,"A","C","Coronary heart disease || id:ieu-a-7","ieu-a-7","Coronary heart disease","Coronary heart disease ||  || ",TRUE,"igd",NA,NA,NA,NA,NA,NA,NA
"108","rs6818397","4","3434885",-0.006506,0.0097971,184305,0.506645,0.580605,"G","T","Coronary heart disease || id:ieu-a-7","ieu-a-7","Coronary heart disease","Coronary heart disease ||  || ",TRUE,"igd",NA,NA,NA,NA,NA,NA,NA
"109","rs7703051","5","74625487",0.030159,0.009518,184305,0.00153151,0.415783,"A","C","Coronary heart disease || id:ieu-a-7","ieu-a-7","Coronary heart disease","Coronary heart disease ||  || ",TRUE,"igd",NA,NA,NA,NA,NA,NA,NA
"110","rs4530754","5","122855416",-0.035257,0.0094484,184305,0.000190301,0.533105,"A","G","Coronary heart disease || id:ieu-a-7","ieu-a-7","Coronary heart disease","Coronary heart disease ||  || ",TRUE,"igd",NA,NA,NA,NA,NA,NA,NA
"111","rs7715256","5","153537893",-0.002363,0.0095842,184305,0.805256,0.535469,"T","G","Coronary heart disease || id:ieu-a-7","ieu-a-7","Coronary heart disease","Coronary heart disease ||  || ",TRUE,"igd",NA,NA,NA,NA,NA,NA,NA
"112","rs6882076","5","156390297",0.013942,0.0096429,184305,0.148224,0.620201,"C","T","Coronary heart disease || id:ieu-a-7","ieu-a-7","Coronary heart disease","Coronary heart disease ||  || ",TRUE,"igd",NA,NA,NA,NA,NA,NA,NA
"113","rs943005","6","50865820",0.017756,0.0117188,184305,0.129728,0.181812,"T","C","Coronary heart disease || id:ieu-a-7","ieu-a-7","Coronary heart disease","Coronary heart disease ||  || ",TRUE,"igd",NA,NA,NA,NA,NA,NA,NA
"114","rs868943","6","116337503",0.010818,0.0098341,184305,0.271309,0.362309,"A","G","Coronary heart disease || id:ieu-a-7","ieu-a-7","Coronary heart disease","Coronary heart disease ||  || ",TRUE,"igd",NA,NA,NA,NA,NA,NA,NA
"115","rs6935921","6","161108536",0.060877,0.0098851,184305,7.35005e-10,0.651237,"T","C","Coronary heart disease || id:ieu-a-7","ieu-a-7","Coronary heart disease","Coronary heart disease ||  || ",TRUE,"igd",NA,NA,NA,NA,NA,NA,NA
"116","rs9987289","8","9183358",0.001123,0.0160009,184305,0.944047,0.870901,"G","A","Coronary heart disease || id:ieu-a-7","ieu-a-7","Coronary heart disease","Coronary heart disease ||  || ",TRUE,"igd",NA,NA,NA,NA,NA,NA,NA
"117","rs2737252","8","116663898",0.011796,0.0105021,184305,0.261353,0.260979,"A","G","Coronary heart disease || id:ieu-a-7","ieu-a-7","Coronary heart disease","Coronary heart disease ||  || ",TRUE,"igd",NA,NA,NA,NA,NA,NA,NA
"118","rs7832643","8","145022657",-0.000547,0.010009,184305,0.956417,0.398628,"T","G","Coronary heart disease || id:ieu-a-7","ieu-a-7","Coronary heart disease","Coronary heart disease ||  || ",TRUE,"igd",NA,NA,NA,NA,NA,NA,NA
"119","rs3780181","9","2640759",-0.008171,0.0182614,184305,0.654553,0.071219,"G","A","Coronary heart disease || id:ieu-a-7","ieu-a-7","Coronary heart disease","Coronary heart disease ||  || ",TRUE,"igd",NA,NA,NA,NA,NA,NA,NA
"120","rs4740619","9","15634326",-0.006546,0.0092497,184305,0.479131,0.467784,"C","T","Coronary heart disease || id:ieu-a-7","ieu-a-7","Coronary heart disease","Coronary heart disease ||  || ",TRUE,"igd",NA,NA,NA,NA,NA,NA,NA
"121","rs579459","9","136154168",0.072956,0.0113168,184305,1.13999e-10,0.211078,"C","T","Coronary heart disease || id:ieu-a-7","ieu-a-7","Coronary heart disease","Coronary heart disease ||  || ",TRUE,"igd",NA,NA,NA,NA,NA,NA,NA
"122","rs10947332","6","32677818",0.023932,0.0166972,184305,0.151773,0.115271,"A","G","Coronary heart disease || id:ieu-a-7","ieu-a-7","Coronary heart disease","Coronary heart disease ||  || ",TRUE,"igd",TRUE,"rs10947332","rs111944102","A","G","A","T"
