"","SNP","chr","pos","beta.outcome","se.outcome","samplesize.outcome","pval.outcome","eaf.outcome","effect_allele.outcome","other_allele.outcome","outcome","id.outcome","originalname.outcome","outcome.deprecated","mr_keep.outcome","data_source.outcome"
"1","rs657452","1","49589847",-0.00767,0.0093844,184305,0.413747,0.566124,"G","A","Coronary heart disease || id:ieu-a-7","ieu-a-7","Coronary heart disease","Coronary heart disease ||  || ",TRUE,"igd"
"2","rs7531118","1","72837239",0.017675,0.0097331,184305,0.0693745,0.480633,"C","T","Coronary heart disease || id:ieu-a-7","ieu-a-7","Coronary heart disease","Coronary heart disease ||  || ",TRUE,"igd"
"3","rs17381664","1","78048331",0.016188,0.0102099,184305,0.112849,0.349349,"C","T","Coronary heart disease || id:ieu-a-7","ieu-a-7","Coronary heart disease","Coronary heart disease ||  || ",TRUE,"igd"
"4","rs11165643","1","96924097",0.00515,0.0092844,184305,0.579105,0.553284,"T","C","Coronary heart disease || id:ieu-a-7","ieu-a-7","Coronary heart disease","Coronary heart disease ||  || ",TRUE,"igd"
"5","rs7550711","1","110082886",-0.048354,0.0305635,184305,0.113631,0.02765,"T","C","Coronary heart disease || id:ieu-a-7","ieu-a-7","Coronary heart disease","Coronary heart disease ||  || ",TRUE,"igd"
"6","rs543874","1","177889480",0.0076,0.0117296,184305,0.517029,0.189189,"G","A","Coronary heart disease || id:ieu-a-7","ieu-a-7","Coronary heart disease","Coronary heart disease ||  || ",TRUE,"igd"
"7","rs1032524","1","201790826",0.020795,0.0092258,184305,0.0241952,0.51271,"C","T","Coronary heart disease || id:ieu-a-7","ieu-a-7","Coronary heart disease","Coronary heart disease ||  || ",TRUE,"igd"
"8","rs7899106","10","87410904",-0.006811,0.0233702,184305,0.770715,0.046115,"G","A","Coronary heart disease || id:ieu-a-7","ieu-a-7","Coronary heart disease","Coronary heart disease ||  || ",TRUE,"igd"
"9","rs17094222","10","102395440",0.003571,0.0116601,184305,0.759408,0.204454,"C","T","Coronary heart disease || id:ieu-a-7","ieu-a-7","Coronary heart disease","Coronary heart disease ||  || ",TRUE,"igd"
"10","rs7903146","10","114758349",0.033092,0.0103902,184305,0.001448,0.275894,"T","C","Coronary heart disease || id:ieu-a-7","ieu-a-7","Coronary heart disease","Coronary heart disease ||  || ",TRUE,"igd"
"11","rs10840100","11","8669437",0.014599,0.0095234,184305,0.125286,0.607618,"G","A","Coronary heart disease || id:ieu-a-7","ieu-a-7","Coronary heart disease","Coronary heart disease ||  || ",TRUE,"igd"
"12","rs2030323","11","27728539",0.027424,0.0108519,184305,0.0115006,0.759021,"C","A","Coronary heart disease || id:ieu-a-7","ieu-a-7","Coronary heart disease","Coronary heart disease ||  || ",TRUE,"igd"
"13","rs7124681","11","47529947",-0.000684,0.0096146,184305,0.943285,0.388567,"A","C","Coronary heart disease || id:ieu-a-7","ieu-a-7","Coronary heart disease","Coronary heart disease ||  || ",TRUE,"igd"
"14","rs12286929","11","115022404",0.001802,0.0094202,184305,0.848298,0.499787,"G","A","Coronary heart disease || id:ieu-a-7","ieu-a-7","Coronary heart disease","Coronary heart disease ||  || ",TRUE,"igd"
"15","rs7138803","12","50247468",0.008175,0.0094745,184305,0.388225,0.371503,"A","G","Coronary heart disease || id:ieu-a-7","ieu-a-7","Coronary heart disease","Coronary heart disease ||  || ",TRUE,"igd"
"16","rs11057405","12","122781897",0.013737,0.0191598,184305,0.473392,0.08181,"A","G","Coronary heart disease || id:ieu-a-7","ieu-a-7","Coronary heart disease","Coronary heart disease ||  || ",TRUE,"igd"
"17","rs9579083","13","28017270",0.024113,0.0125889,184305,0.0554383,0.171036,"C","G","Coronary heart disease || id:ieu-a-7","ieu-a-7","Coronary heart disease","Coronary heart disease ||  || ",TRUE,"igd"
"18","rs12429545","13","54102206",0.010619,0.0129343,184305,0.411649,0.144688,"A","G","Coronary heart disease || id:ieu-a-7","ieu-a-7","Coronary heart disease","Coronary heart disease ||  || ",TRUE,"igd"
"19","rs9540493","13","66205704",-0.005837,0.0095006,184305,0.538962,0.525215,"G","A","Coronary heart disease || id:ieu-a-7","ieu-a-7","Coronary heart disease","Coronary heart disease ||  || ",TRUE,"igd"
"20","rs10132280","14","25928179",-0.012169,0.010664,184305,0.253816,0.282164,"A","C","Coronary heart disease || id:ieu-a-7","ieu-a-7","Coronary heart disease","Coronary heart disease ||  || ",TRUE,"igd"
"21","rs7144011","14","79940383",0.021424,0.0120707,184305,0.0759189,0.202625,"T","G","Coronary heart disease || id:ieu-a-7","ieu-a-7","Coronary heart disease","Coronary heart disease ||  || ",TRUE,"igd"
"22","rs13329567","15","68104367",-0.014147,0.0106879,184305,0.18562,0.256185,"T","C","Coronary heart disease || id:ieu-a-7","ieu-a-7","Coronary heart disease","Coronary heart disease ||  || ",TRUE,"igd"
"23","rs12448257","16","3599655",0.009661,0.0113483,184305,0.394595,0.224463,"A","G","Coronary heart disease || id:ieu-a-7","ieu-a-7","Coronary heart disease","Coronary heart disease ||  || ",TRUE,"igd"
"24","rs879620","16","4015729",-0.00294,0.009732,184305,0.762578,0.545251,"T","C","Coronary heart disease || id:ieu-a-7","ieu-a-7","Coronary heart disease","Coronary heart disease ||  || ",TRUE,"igd"
"25","rs9926784","16","19941968",0.003405,0.011294,184305,0.763043,0.21675,"C","T","Coronary heart disease || id:ieu-a-7","ieu-a-7","Coronary heart disease","Coronary heart disease ||  || ",TRUE,"igd"
"26","rs3888190","16","28889486",0.019161,0.0101002,184305,0.0578163,0.348981,"A","C","Coronary heart disease || id:ieu-a-7","ieu-a-7","Coronary heart disease","Coronary heart disease ||  || ",TRUE,"igd"
"27","rs4889606","16","31011183",-0.006668,0.0102697,184305,0.516151,0.377963,"G","A","Coronary heart disease || id:ieu-a-7","ieu-a-7","Coronary heart disease","Coronary heart disease ||  || ",TRUE,"igd"
"28","rs1558902","16","53803574",0.029804,0.0096168,184305,0.00194071,0.380002,"A","T","Coronary heart disease || id:ieu-a-7","ieu-a-7","Coronary heart disease","Coronary heart disease ||  || ",TRUE,"igd"
"29","rs12939549","17","78611724",-0.015495,0.009455,184305,0.10125,0.407574,"G","A","Coronary heart disease || id:ieu-a-7","ieu-a-7","Coronary heart disease","Coronary heart disease ||  || ",TRUE,"igd"
"30","rs891389","18","21087531",0.025213,0.0101654,184305,0.013128,0.311762,"T","C","Coronary heart disease || id:ieu-a-7","ieu-a-7","Coronary heart disease","Coronary heart disease ||  || ",TRUE,"igd"
"31","rs663129","18","57838401",0.058163,0.0105173,184305,3.2e-08,0.256835,"A","G","Coronary heart disease || id:ieu-a-7","ieu-a-7","Coronary heart disease","Coronary heart disease ||  || ",TRUE,"igd"
"32","rs17066856","18","58049656",-0.037871,0.0154925,184305,0.0145064,0.105474,"C","T","Coronary heart disease || id:ieu-a-7","ieu-a-7","Coronary heart disease","Coronary heart disease ||  || ",TRUE,"igd"
"33","rs17724992","19","18454825",-0.013899,0.0102186,184305,0.173778,0.293771,"G","A","Coronary heart disease || id:ieu-a-7","ieu-a-7","Coronary heart disease","Coronary heart disease ||  || ",TRUE,"igd"
"34","rs11672660","19","46180184",-0.038968,0.0125585,184305,0.0019162,0.195245,"T","C","Coronary heart disease || id:ieu-a-7","ieu-a-7","Coronary heart disease","Coronary heart disease ||  || ",TRUE,"igd"
"35","rs9304665","19","47602577",0.033171,0.010639,184305,0.00182171,0.689503,"A","T","Coronary heart disease || id:ieu-a-7","ieu-a-7","Coronary heart disease","Coronary heart disease ||  || ",TRUE,"igd"
"36","rs13021737","2","632348",0.037025,0.0124444,184305,0.00292772,0.803169,"G","A","Coronary heart disease || id:ieu-a-7","ieu-a-7","Coronary heart disease","Coronary heart disease ||  || ",TRUE,"igd"
"37","rs10182181","2","25150296",0.018295,0.009279,184305,0.0486486,0.473525,"G","A","Coronary heart disease || id:ieu-a-7","ieu-a-7","Coronary heart disease","Coronary heart disease ||  || ",TRUE,"igd"
"38","rs12986742","2","58975143",0.00822,0.0093952,184305,0.381621,0.464803,"C","T","Coronary heart disease || id:ieu-a-7","ieu-a-7","Coronary heart disease","Coronary heart disease ||  || ",TRUE,"igd"
"39","rs1016287","2","59305625",-0.014087,0.0105738,184305,0.182778,0.699031,"C","T","Coronary heart disease || id:ieu-a-7","ieu-a-7","Coronary heart disease","Coronary heart disease ||  || ",TRUE,"igd"
"40","rs2890652","2","142959931",0.004026,0.0136382,184305,0.76784,0.162341,"C","T","Coronary heart disease || id:ieu-a-7","ieu-a-7","Coronary heart disease","Coronary heart disease ||  || ",TRUE,"igd"
"41","rs1528435","2","181550962",0.018036,0.0097863,184305,0.0653311,0.62036,"T","C","Coronary heart disease || id:ieu-a-7","ieu-a-7","Coronary heart disease","Coronary heart disease ||  || ",TRUE,"igd"
"42","rs7599312","2","213413231",-0.026653,0.011193,184305,0.0172556,0.247385,"A","G","Coronary heart disease || id:ieu-a-7","ieu-a-7","Coronary heart disease","Coronary heart disease ||  || ",TRUE,"igd"
"43","rs2836754","21","40291740",-0.007723,0.0095191,184305,0.417181,0.544754,"C","T","Coronary heart disease || id:ieu-a-7","ieu-a-7","Coronary heart disease","Coronary heart disease ||  || ",TRUE,"igd"
"44","rs6804842","3","25106437",0.00994,0.0092649,184305,0.283329,0.55015,"G","A","Coronary heart disease || id:ieu-a-7","ieu-a-7","Coronary heart disease","Coronary heart disease ||  || ",TRUE,"igd"
"45","rs2365389","3","61236462",-0.014975,0.0096038,184305,0.11893,0.449327,"T","C","Coronary heart disease || id:ieu-a-7","ieu-a-7","Coronary heart disease","Coronary heart disease ||  || ",TRUE,"igd"
"46","rs13078960","3","85807590",-0.020015,0.012616,184305,0.112632,0.181437,"G","T","Coronary heart disease || id:ieu-a-7","ieu-a-7","Coronary heart disease","Coronary heart disease ||  || ",TRUE,"igd"
"47","rs16851483","3","141275436",0.014404,0.0164441,184305,0.381063,0.08304,"T","G","Coronary heart disease || id:ieu-a-7","ieu-a-7","Coronary heart disease","Coronary heart disease ||  || ",TRUE,"igd"
"48","rs1516725","3","185824004",0.008179,0.0137697,184305,0.552521,0.837072,"C","T","Coronary heart disease || id:ieu-a-7","ieu-a-7","Coronary heart disease","Coronary heart disease ||  || ",TRUE,"igd"
"49","rs10938397","4","45182527",0.030606,0.0093485,184305,0.00106079,0.416076,"G","A","Coronary heart disease || id:ieu-a-7","ieu-a-7","Coronary heart disease","Coronary heart disease ||  || ",TRUE,"igd"
"50","rs17001654","4","77129568",0.019185,0.0138718,184305,0.166657,0.141388,"G","C","Coronary heart disease || id:ieu-a-7","ieu-a-7","Coronary heart disease","Coronary heart disease ||  || ",TRUE,"igd"
"51","rs13107325","4","103188709",-0.00667,0.0223469,184305,0.765341,0.061282,"T","C","Coronary heart disease || id:ieu-a-7","ieu-a-7","Coronary heart disease","Coronary heart disease ||  || ",TRUE,"igd"
"52","rs11727676","4","145659064",0.036454,0.020208,184305,0.071241,0.075365,"C","T","Coronary heart disease || id:ieu-a-7","ieu-a-7","Coronary heart disease","Coronary heart disease ||  || ",TRUE,"igd"
"53","rs2112347","5","75015242",-0.005855,0.0096581,184305,0.544364,0.401399,"G","T","Coronary heart disease || id:ieu-a-7","ieu-a-7","Coronary heart disease","Coronary heart disease ||  || ",TRUE,"igd"
"54","rs7715256","5","153537893",-0.002363,0.0095842,184305,0.805256,0.535469,"T","G","Coronary heart disease || id:ieu-a-7","ieu-a-7","Coronary heart disease","Coronary heart disease ||  || ",TRUE,"igd"
"55","rs205262","6","34563164",0.034077,0.0107889,184305,0.0015857,0.268823,"G","A","Coronary heart disease || id:ieu-a-7","ieu-a-7","Coronary heart disease","Coronary heart disease ||  || ",TRUE,"igd"
"56","rs943005","6","50865820",0.017756,0.0117188,184305,0.129728,0.181812,"T","C","Coronary heart disease || id:ieu-a-7","ieu-a-7","Coronary heart disease","Coronary heart disease ||  || ",TRUE,"igd"
"57","rs9374842","6","120185665",0.013555,0.0106053,184305,0.201203,0.723965,"T","C","Coronary heart disease || id:ieu-a-7","ieu-a-7","Coronary heart disease","Coronary heart disease ||  || ",TRUE,"igd"
"58","rs13191362","6","163033350",-0.036681,0.0152568,184305,0.0162062,0.111976,"G","A","Coronary heart disease || id:ieu-a-7","ieu-a-7","Coronary heart disease","Coronary heart disease ||  || ",TRUE,"igd"
"59","rs1167827","7","75163169",0.011586,0.0098352,184305,0.238789,0.556453,"G","A","Coronary heart disease || id:ieu-a-7","ieu-a-7","Coronary heart disease","Coronary heart disease ||  || ",TRUE,"igd"
"60","rs2588785","8","76636191",-0.008908,0.0100731,184305,0.376513,0.283157,"A","G","Coronary heart disease || id:ieu-a-7","ieu-a-7","Coronary heart disease","Coronary heart disease ||  || ",TRUE,"igd"
"61","rs4740619","9","15634326",-0.006546,0.0092497,184305,0.479131,0.467784,"C","T","Coronary heart disease || id:ieu-a-7","ieu-a-7","Coronary heart disease","Coronary heart disease ||  || ",TRUE,"igd"
"62","rs10968576","9","28414339",0.023895,0.0102447,184305,0.0196784,0.291587,"G","A","Coronary heart disease || id:ieu-a-7","ieu-a-7","Coronary heart disease","Coronary heart disease ||  || ",TRUE,"igd"
"63","rs1928295","9","120378483",-0.006674,0.0092095,184305,0.468643,0.436964,"C","T","Coronary heart disease || id:ieu-a-7","ieu-a-7","Coronary heart disease","Coronary heart disease ||  || ",TRUE,"igd"
"64","rs10733682","9","129460914",-0.004541,0.0095245,184305,0.633525,0.491116,"G","A","Coronary heart disease || id:ieu-a-7","ieu-a-7","Coronary heart disease","Coronary heart disease ||  || ",TRUE,"igd"
"65","rs977747","1","47684677",-0.013896,0.0096146,184305,0.148375,0.550761,"G","T","Coronary heart disease || id:ieu-a-7","ieu-a-7","Coronary heart disease","Coronary heart disease ||  || ",TRUE,"igd"
"66","rs2176598","11","43864278",-0.026064,0.0111278,184305,0.0191686,0.734895,"C","T","Coronary heart disease || id:ieu-a-7","ieu-a-7","Coronary heart disease","Coronary heart disease ||  || ",TRUE,"igd"
"67","rs1441264","13","79580919",0.005096,0.0096603,184305,0.597832,0.614899,"A","G","Coronary heart disease || id:ieu-a-7","ieu-a-7","Coronary heart disease","Coronary heart disease ||  || ",TRUE,"igd"
"68","rs3736485","15","51748610",0.001591,0.0095777,184305,0.868067,0.50246,"G","A","Coronary heart disease || id:ieu-a-7","ieu-a-7","Coronary heart disease","Coronary heart disease ||  || ",TRUE,"igd"
"69","rs9914578","17","2005136",0.039991,0.0107563,184305,0.0002009,0.233647,"G","C","Coronary heart disease || id:ieu-a-7","ieu-a-7","Coronary heart disease","Coronary heart disease ||  || ",TRUE,"igd"
"70","rs14810","19","34304903",0.00234,0.0099699,184305,0.814436,0.640144,"G","C","Coronary heart disease || id:ieu-a-7","ieu-a-7","Coronary heart disease","Coronary heart disease ||  || ",TRUE,"igd"
"71","rs1460676","2","164567689",-0.003793,0.0122576,184305,0.756986,0.1839,"C","T","Coronary heart disease || id:ieu-a-7","ieu-a-7","Coronary heart disease","Coronary heart disease ||  || ",TRUE,"igd"
"72","rs17203016","2","208255518",0.020352,0.0122315,184305,0.0961324,0.186737,"G","A","Coronary heart disease || id:ieu-a-7","ieu-a-7","Coronary heart disease","Coronary heart disease ||  || ",TRUE,"igd"
"73","rs6713510","2","227034499",-0.037794,0.0095125,184305,7.10003e-05,0.485903,"A","G","Coronary heart disease || id:ieu-a-7","ieu-a-7","Coronary heart disease","Coronary heart disease ||  || ",TRUE,"igd"
"74","rs6091540","20","51087862",-0.002356,0.0101524,184305,0.816488,0.277147,"T","C","Coronary heart disease || id:ieu-a-7","ieu-a-7","Coronary heart disease","Coronary heart disease ||  || ",TRUE,"igd"
"75","rs3849570","3","81792112",0.028293,0.0096396,184305,0.00333472,0.356589,"A","C","Coronary heart disease || id:ieu-a-7","ieu-a-7","Coronary heart disease","Coronary heart disease ||  || ",TRUE,"igd"
"76","rs3800229","6","108996963",0.003892,0.009884,184305,0.693753,0.653147,"T","G","Coronary heart disease || id:ieu-a-7","ieu-a-7","Coronary heart disease","Coronary heart disease ||  || ",TRUE,"igd"
"77","rs13201877","6","137675541",0.029827,0.014328,184305,0.0373672,0.124409,"G","A","Coronary heart disease || id:ieu-a-7","ieu-a-7","Coronary heart disease","Coronary heart disease ||  || ",TRUE,"igd"
"78","rs6477694","9","111932342",-0.006108,0.009418,184305,0.516634,0.593079,"T","C","Coronary heart disease || id:ieu-a-7","ieu-a-7","Coronary heart disease","Coronary heart disease ||  || ",TRUE,"igd"
